,TIME_PERIOD,FREQUENCY,COUNTRY,INDICATOR,value,missing,anomaly
0,1959-01-01,M,US,m2_money_supply,286.6,False,False
1,1959-02-01,M,US,m2_money_supply,287.7,False,False
2,1959-03-01,M,US,m2_money_supply,289.2,False,False
3,1959-04-01,M,US,m2_money_supply,290.1,False,False
4,1959-05-01,M,US,m2_money_supply,292.2,False,False
5,1959-06-01,M,US,m2_money_supply,294.1,False,False
6,1959-07-01,M,US,m2_money_supply,295.2,False,False
7,1959-08-01,M,US,m2_money_supply,296.4,False,False
8,1959-09-01,M,US,m2_money_supply,296.7,False,False
9,1959-10-01,M,US,m2_money_supply,296.5,False,False
10,1959-11-01,M,US,m2_money_supply,297.1,False,False
11,1959-12-01,M,US,m2_money_supply,297.8,False,False
12,1960-01-01,M,US,m2_money_supply,298.2,False,False
13,1960-02-01,M,US,m2_money_supply,298.4,False,False
14,1960-03-01,M,US,m2_money_supply,299.3,False,False
15,1960-04-01,M,US,m2_money_supply,300.1,False,False
16,1960-05-01,M,US,m2_money_supply,300.9,False,False
17,1960-06-01,M,US,m2_money_supply,302.3,False,False
18,1960-07-01,M,US,m2_money_supply,304.1,False,False
19,1960-08-01,M,US,m2_money_supply,306.9,False,False
20,1960-09-01,M,US,m2_money_supply,308.4,False,False
21,1960-10-01,M,US,m2_money_supply,309.5,False,False
22,1960-11-01,M,US,m2_money_supply,310.9,False,False
23,1960-12-01,M,US,m2_money_supply,312.4,False,False
24,1961-01-01,M,US,m2_money_supply,314.1,False,False
25,1961-02-01,M,US,m2_money_supply,316.5,False,False
26,1961-03-01,M,US,m2_money_supply,318.3,False,False
27,1961-04-01,M,US,m2_money_supply,319.9,False,False
28,1961-05-01,M,US,m2_money_supply,322.2,False,False
29,1961-06-01,M,US,m2_money_supply,324.3,False,False
30,1961-07-01,M,US,m2_money_supply,325.6,False,False
31,1961-08-01,M,US,m2_money_supply,327.6,False,False
32,1961-09-01,M,US,m2_money_supply,329.5,False,False
33,1961-10-01,M,US,m2_money_supply,331.1,False,False
34,1961-11-01,M,US,m2_money_supply,333.4,False,False
35,1961-12-01,M,US,m2_money_supply,335.5,False,False
36,1962-01-01,M,US,m2_money_supply,337.5,False,False
37,1962-02-01,M,US,m2_money_supply,340.1,False,False
38,1962-03-01,M,US,m2_money_supply,343.1,False,False
39,1962-04-01,M,US,m2_money_supply,345.5,False,False
40,1962-05-01,M,US,m2_money_supply,347.5,False,False
41,1962-06-01,M,US,m2_money_supply,349.3,False,False
42,1962-07-01,M,US,m2_money_supply,350.8,False,False
43,1962-08-01,M,US,m2_money_supply,352.8,False,False
44,1962-09-01,M,US,m2_money_supply,354.9,False,False
45,1962-10-01,M,US,m2_money_supply,357.2,False,False
46,1962-11-01,M,US,m2_money_supply,359.8,False,False
47,1962-12-01,M,US,m2_money_supply,362.7,False,False
48,1963-01-01,M,US,m2_money_supply,365.2,False,False
49,1963-02-01,M,US,m2_money_supply,367.9,False,False
50,1963-03-01,M,US,m2_money_supply,370.7,False,False
51,1963-04-01,M,US,m2_money_supply,373.3,False,False
52,1963-05-01,M,US,m2_money_supply,376.1,False,False
53,1963-06-01,M,US,m2_money_supply,378.4,False,False
54,1963-07-01,M,US,m2_money_supply,381.1,False,False
55,1963-08-01,M,US,m2_money_supply,383.6,False,False
56,1963-09-01,M,US,m2_money_supply,386.0,False,False
57,1963-10-01,M,US,m2_money_supply,388.3,False,False
58,1963-11-01,M,US,m2_money_supply,391.5,False,False
59,1963-12-01,M,US,m2_money_supply,393.2,False,False
60,1964-01-01,M,US,m2_money_supply,395.2,False,False
61,1964-02-01,M,US,m2_money_supply,397.6,False,False
62,1964-03-01,M,US,m2_money_supply,399.8,False,False
63,1964-04-01,M,US,m2_money_supply,401.7,False,False
64,1964-05-01,M,US,m2_money_supply,404.2,False,False
65,1964-06-01,M,US,m2_money_supply,407.1,False,False
66,1964-07-01,M,US,m2_money_supply,410.1,False,False
67,1964-08-01,M,US,m2_money_supply,413.4,False,False
68,1964-09-01,M,US,m2_money_supply,416.9,False,False
69,1964-10-01,M,US,m2_money_supply,419.1,False,False
70,1964-11-01,M,US,m2_money_supply,422.0,False,False
71,1964-12-01,M,US,m2_money_supply,424.7,False,False
72,1965-01-01,M,US,m2_money_supply,427.5,False,False
73,1965-02-01,M,US,m2_money_supply,430.4,False,False
74,1965-03-01,M,US,m2_money_supply,433.2,False,False
75,1965-04-01,M,US,m2_money_supply,435.4,False,False
76,1965-05-01,M,US,m2_money_supply,437.1,False,False
77,1965-06-01,M,US,m2_money_supply,440.1,False,False
78,1965-07-01,M,US,m2_money_supply,442.9,False,False
79,1965-08-01,M,US,m2_money_supply,445.8,False,False
80,1965-09-01,M,US,m2_money_supply,449.5,False,False
81,1965-10-01,M,US,m2_money_supply,452.6,False,False
82,1965-11-01,M,US,m2_money_supply,455.7,False,False
83,1965-12-01,M,US,m2_money_supply,459.2,False,False
84,1966-01-01,M,US,m2_money_supply,462.0,False,False
85,1966-02-01,M,US,m2_money_supply,464.6,False,False
86,1966-03-01,M,US,m2_money_supply,467.2,False,False
87,1966-04-01,M,US,m2_money_supply,469.3,False,False
88,1966-05-01,M,US,m2_money_supply,470.1,False,False
89,1966-06-01,M,US,m2_money_supply,471.2,False,False
90,1966-07-01,M,US,m2_money_supply,470.9,False,False
91,1966-08-01,M,US,m2_money_supply,472.6,False,False
92,1966-09-01,M,US,m2_money_supply,475.4,False,False
93,1966-10-01,M,US,m2_money_supply,475.7,False,False
94,1966-11-01,M,US,m2_money_supply,477.3,False,False
95,1966-12-01,M,US,m2_money_supply,480.2,False,False
96,1967-01-01,M,US,m2_money_supply,481.6,False,False
97,1967-02-01,M,US,m2_money_supply,485.1,False,False
98,1967-03-01,M,US,m2_money_supply,489.7,False,False
99,1967-04-01,M,US,m2_money_supply,492.1,False,False
100,1967-05-01,M,US,m2_money_supply,497.2,False,False
101,1967-06-01,M,US,m2_money_supply,502.0,False,False
102,1967-07-01,M,US,m2_money_supply,506.3,False,False
103,1967-08-01,M,US,m2_money_supply,510.8,False,False
104,1967-09-01,M,US,m2_money_supply,514.7,False,False
105,1967-10-01,M,US,m2_money_supply,518.2,False,False
106,1967-11-01,M,US,m2_money_supply,521.2,False,False
107,1967-12-01,M,US,m2_money_supply,524.8,False,False
108,1968-01-01,M,US,m2_money_supply,527.4,False,False
109,1968-02-01,M,US,m2_money_supply,530.4,False,False
110,1968-03-01,M,US,m2_money_supply,533.2,False,False
111,1968-04-01,M,US,m2_money_supply,535.7,False,False
112,1968-05-01,M,US,m2_money_supply,538.9,False,False
113,1968-06-01,M,US,m2_money_supply,542.6,False,False
114,1968-07-01,M,US,m2_money_supply,545.6,False,False
115,1968-08-01,M,US,m2_money_supply,549.4,False,False
116,1968-09-01,M,US,m2_money_supply,553.6,False,False
117,1968-10-01,M,US,m2_money_supply,557.6,False,False
118,1968-11-01,M,US,m2_money_supply,562.4,False,False
119,1968-12-01,M,US,m2_money_supply,566.8,False,False
120,1969-01-01,M,US,m2_money_supply,569.3,False,False
121,1969-02-01,M,US,m2_money_supply,571.9,False,False
122,1969-03-01,M,US,m2_money_supply,574.4,False,False
123,1969-04-01,M,US,m2_money_supply,575.7,False,False
124,1969-05-01,M,US,m2_money_supply,576.5,False,False
125,1969-06-01,M,US,m2_money_supply,578.5,False,False
126,1969-07-01,M,US,m2_money_supply,579.5,False,False
127,1969-08-01,M,US,m2_money_supply,580.1,False,False
128,1969-09-01,M,US,m2_money_supply,582.1,False,False
129,1969-10-01,M,US,m2_money_supply,583.4,False,False
130,1969-11-01,M,US,m2_money_supply,585.4,False,False
131,1969-12-01,M,US,m2_money_supply,587.9,False,False
132,1970-01-01,M,US,m2_money_supply,589.6,False,False
133,1970-02-01,M,US,m2_money_supply,586.3,False,False
134,1970-03-01,M,US,m2_money_supply,587.3,False,False
135,1970-04-01,M,US,m2_money_supply,588.4,False,False
136,1970-05-01,M,US,m2_money_supply,591.5,False,False
137,1970-06-01,M,US,m2_money_supply,595.2,False,False
138,1970-07-01,M,US,m2_money_supply,599.1,False,False
139,1970-08-01,M,US,m2_money_supply,604.9,False,False
140,1970-09-01,M,US,m2_money_supply,611.2,False,False
141,1970-10-01,M,US,m2_money_supply,616.4,False,False
142,1970-11-01,M,US,m2_money_supply,621.1,False,False
143,1970-12-01,M,US,m2_money_supply,626.5,False,False
144,1971-01-01,M,US,m2_money_supply,632.9,False,False
145,1971-02-01,M,US,m2_money_supply,641.0,False,False
146,1971-03-01,M,US,m2_money_supply,649.9,False,False
147,1971-04-01,M,US,m2_money_supply,658.4,False,False
148,1971-05-01,M,US,m2_money_supply,666.7,False,False
149,1971-06-01,M,US,m2_money_supply,673.0,False,False
150,1971-07-01,M,US,m2_money_supply,679.6,False,False
151,1971-08-01,M,US,m2_money_supply,685.5,False,False
152,1971-09-01,M,US,m2_money_supply,692.5,False,False
153,1971-10-01,M,US,m2_money_supply,698.4,False,False
154,1971-11-01,M,US,m2_money_supply,704.6,False,False
155,1971-12-01,M,US,m2_money_supply,710.3,False,False
156,1972-01-01,M,US,m2_money_supply,717.7,False,False
157,1972-02-01,M,US,m2_money_supply,725.7,False,False
158,1972-03-01,M,US,m2_money_supply,733.5,False,False
159,1972-04-01,M,US,m2_money_supply,738.4,False,False
160,1972-05-01,M,US,m2_money_supply,743.3,False,False
161,1972-06-01,M,US,m2_money_supply,749.7,False,False
162,1972-07-01,M,US,m2_money_supply,759.5,False,False
163,1972-08-01,M,US,m2_money_supply,768.7,False,False
164,1972-09-01,M,US,m2_money_supply,778.3,False,False
165,1972-10-01,M,US,m2_money_supply,786.9,False,False
166,1972-11-01,M,US,m2_money_supply,793.9,False,False
167,1972-12-01,M,US,m2_money_supply,802.3,False,False
168,1973-01-01,M,US,m2_money_supply,810.3,False,False
169,1973-02-01,M,US,m2_money_supply,814.1,False,False
170,1973-03-01,M,US,m2_money_supply,815.3,False,False
171,1973-04-01,M,US,m2_money_supply,819.7,False,False
172,1973-05-01,M,US,m2_money_supply,826.8,False,False
173,1973-06-01,M,US,m2_money_supply,833.3,False,False
174,1973-07-01,M,US,m2_money_supply,836.5,False,False
175,1973-08-01,M,US,m2_money_supply,838.8,False,False
176,1973-09-01,M,US,m2_money_supply,839.3,False,False
177,1973-10-01,M,US,m2_money_supply,842.6,False,False
178,1973-11-01,M,US,m2_money_supply,848.9,False,False
179,1973-12-01,M,US,m2_money_supply,855.5,False,False
180,1974-01-01,M,US,m2_money_supply,859.7,False,False
181,1974-02-01,M,US,m2_money_supply,864.2,False,False
182,1974-03-01,M,US,m2_money_supply,870.1,False,False
183,1974-04-01,M,US,m2_money_supply,872.9,False,False
184,1974-05-01,M,US,m2_money_supply,874.6,False,False
185,1974-06-01,M,US,m2_money_supply,877.8,False,False
186,1974-07-01,M,US,m2_money_supply,881.4,False,False
187,1974-08-01,M,US,m2_money_supply,884.1,False,False
188,1974-09-01,M,US,m2_money_supply,887.9,False,False
189,1974-10-01,M,US,m2_money_supply,893.3,False,False
190,1974-11-01,M,US,m2_money_supply,898.6,False,False
191,1974-12-01,M,US,m2_money_supply,902.1,False,False
192,1975-01-01,M,US,m2_money_supply,906.3,False,False
193,1975-02-01,M,US,m2_money_supply,914.1,False,False
194,1975-03-01,M,US,m2_money_supply,925.0,False,False
195,1975-04-01,M,US,m2_money_supply,935.1,False,False
196,1975-05-01,M,US,m2_money_supply,947.9,False,False
197,1975-06-01,M,US,m2_money_supply,963.0,False,False
198,1975-07-01,M,US,m2_money_supply,975.1,False,False
199,1975-08-01,M,US,m2_money_supply,983.1,False,False
200,1975-09-01,M,US,m2_money_supply,991.5,False,False
201,1975-10-01,M,US,m2_money_supply,997.8,False,False
202,1975-11-01,M,US,m2_money_supply,1006.9,False,False
203,1975-12-01,M,US,m2_money_supply,1016.2,False,False
204,1976-01-01,M,US,m2_money_supply,1026.6,False,False
205,1976-02-01,M,US,m2_money_supply,1040.3,False,False
206,1976-03-01,M,US,m2_money_supply,1050.0,False,False
207,1976-04-01,M,US,m2_money_supply,1060.8,False,False
208,1976-05-01,M,US,m2_money_supply,1072.1,False,False
209,1976-06-01,M,US,m2_money_supply,1077.6,False,False
210,1976-07-01,M,US,m2_money_supply,1086.3,False,False
211,1976-08-01,M,US,m2_money_supply,1098.7,False,False
212,1976-09-01,M,US,m2_money_supply,1110.8,False,False
213,1976-10-01,M,US,m2_money_supply,1125.0,False,False
214,1976-11-01,M,US,m2_money_supply,1138.2,False,False
215,1976-12-01,M,US,m2_money_supply,1152.0,False,False
216,1977-01-01,M,US,m2_money_supply,1165.2,False,False
217,1977-02-01,M,US,m2_money_supply,1177.6,False,False
218,1977-03-01,M,US,m2_money_supply,1188.5,False,False
219,1977-04-01,M,US,m2_money_supply,1199.6,False,False
220,1977-05-01,M,US,m2_money_supply,1209.0,False,False
221,1977-06-01,M,US,m2_money_supply,1217.8,False,False
222,1977-07-01,M,US,m2_money_supply,1226.7,False,False
223,1977-08-01,M,US,m2_money_supply,1237.0,False,False
224,1977-09-01,M,US,m2_money_supply,1246.2,False,False
225,1977-10-01,M,US,m2_money_supply,1254.0,False,False
226,1977-11-01,M,US,m2_money_supply,1262.4,False,False
227,1977-12-01,M,US,m2_money_supply,1270.3,False,False
228,1978-01-01,M,US,m2_money_supply,1279.7,False,False
229,1978-02-01,M,US,m2_money_supply,1285.5,False,False
230,1978-03-01,M,US,m2_money_supply,1292.2,False,False
231,1978-04-01,M,US,m2_money_supply,1300.4,False,False
232,1978-05-01,M,US,m2_money_supply,1310.5,False,False
233,1978-06-01,M,US,m2_money_supply,1318.5,False,False
234,1978-07-01,M,US,m2_money_supply,1324.1,False,False
235,1978-08-01,M,US,m2_money_supply,1333.5,False,False
236,1978-09-01,M,US,m2_money_supply,1345.0,False,False
237,1978-10-01,M,US,m2_money_supply,1352.3,False,False
238,1978-11-01,M,US,m2_money_supply,1359.1,False,False
239,1978-12-01,M,US,m2_money_supply,1366.0,False,False
240,1979-01-01,M,US,m2_money_supply,1371.6,False,False
241,1979-02-01,M,US,m2_money_supply,1377.8,False,False
242,1979-03-01,M,US,m2_money_supply,1387.8,False,False
243,1979-04-01,M,US,m2_money_supply,1402.1,False,False
244,1979-05-01,M,US,m2_money_supply,1410.2,False,False
245,1979-06-01,M,US,m2_money_supply,1423.0,False,False
246,1979-07-01,M,US,m2_money_supply,1434.8,False,False
247,1979-08-01,M,US,m2_money_supply,1446.6,False,False
248,1979-09-01,M,US,m2_money_supply,1454.1,False,False
249,1979-10-01,M,US,m2_money_supply,1460.4,False,False
250,1979-11-01,M,US,m2_money_supply,1465.9,False,False
251,1979-12-01,M,US,m2_money_supply,1473.7,False,False
252,1980-01-01,M,US,m2_money_supply,1482.7,False,False
253,1980-02-01,M,US,m2_money_supply,1494.6,False,False
254,1980-03-01,M,US,m2_money_supply,1499.8,False,False
255,1980-04-01,M,US,m2_money_supply,1502.2,False,False
256,1980-05-01,M,US,m2_money_supply,1512.3,False,False
257,1980-06-01,M,US,m2_money_supply,1529.2,False,False
258,1980-07-01,M,US,m2_money_supply,1545.5,False,False
259,1980-08-01,M,US,m2_money_supply,1561.5,False,False
260,1980-09-01,M,US,m2_money_supply,1574.0,False,False
261,1980-10-01,M,US,m2_money_supply,1584.8,False,False
262,1980-11-01,M,US,m2_money_supply,1595.8,False,False
263,1980-12-01,M,US,m2_money_supply,1599.8,False,False
264,1981-01-01,M,US,m2_money_supply,1606.9,False,False
265,1981-02-01,M,US,m2_money_supply,1618.7,False,False
266,1981-03-01,M,US,m2_money_supply,1636.6,False,False
267,1981-04-01,M,US,m2_money_supply,1659.2,False,False
268,1981-05-01,M,US,m2_money_supply,1664.2,False,False
269,1981-06-01,M,US,m2_money_supply,1670.3,False,False
270,1981-07-01,M,US,m2_money_supply,1681.9,False,False
271,1981-08-01,M,US,m2_money_supply,1694.3,False,False
272,1981-09-01,M,US,m2_money_supply,1706.0,False,False
273,1981-10-01,M,US,m2_money_supply,1721.8,False,False
274,1981-11-01,M,US,m2_money_supply,1736.1,False,False
275,1981-12-01,M,US,m2_money_supply,1755.5,False,False
276,1982-01-01,M,US,m2_money_supply,1770.4,False,False
277,1982-02-01,M,US,m2_money_supply,1774.5,False,False
278,1982-03-01,M,US,m2_money_supply,1786.5,False,False
279,1982-04-01,M,US,m2_money_supply,1803.9,False,False
280,1982-05-01,M,US,m2_money_supply,1815.4,False,False
281,1982-06-01,M,US,m2_money_supply,1826.0,False,False
282,1982-07-01,M,US,m2_money_supply,1831.5,False,False
283,1982-08-01,M,US,m2_money_supply,1845.2,False,False
284,1982-09-01,M,US,m2_money_supply,1858.4,False,False
285,1982-10-01,M,US,m2_money_supply,1869.7,False,False
286,1982-11-01,M,US,m2_money_supply,1883.7,False,False
287,1982-12-01,M,US,m2_money_supply,1905.9,False,False
288,1983-01-01,M,US,m2_money_supply,1959.4,False,False
289,1983-02-01,M,US,m2_money_supply,1996.8,False,False
290,1983-03-01,M,US,m2_money_supply,2015.2,False,False
291,1983-04-01,M,US,m2_money_supply,2028.6,False,False
292,1983-05-01,M,US,m2_money_supply,2043.1,False,False
293,1983-06-01,M,US,m2_money_supply,2053.5,False,False
294,1983-07-01,M,US,m2_money_supply,2064.8,False,False
295,1983-08-01,M,US,m2_money_supply,2074.0,False,False
296,1983-09-01,M,US,m2_money_supply,2083.2,False,False
297,1983-10-01,M,US,m2_money_supply,2099.2,False,False
298,1983-11-01,M,US,m2_money_supply,2112.3,False,False
299,1983-12-01,M,US,m2_money_supply,2123.5,False,False
300,1984-01-01,M,US,m2_money_supply,2138.2,False,False
301,1984-02-01,M,US,m2_money_supply,2158.2,False,False
302,1984-03-01,M,US,m2_money_supply,2175.2,False,False
303,1984-04-01,M,US,m2_money_supply,2191.7,False,False
304,1984-05-01,M,US,m2_money_supply,2204.1,False,False
305,1984-06-01,M,US,m2_money_supply,2215.1,False,False
306,1984-07-01,M,US,m2_money_supply,2223.5,False,False
307,1984-08-01,M,US,m2_money_supply,2230.4,False,False
308,1984-09-01,M,US,m2_money_supply,2244.4,False,False
309,1984-10-01,M,US,m2_money_supply,2258.9,False,False
310,1984-11-01,M,US,m2_money_supply,2281.4,False,False
311,1984-12-01,M,US,m2_money_supply,2306.4,False,False
312,1985-01-01,M,US,m2_money_supply,2332.4,False,False
313,1985-02-01,M,US,m2_money_supply,2354.1,False,False
314,1985-03-01,M,US,m2_money_supply,2366.2,False,False
315,1985-04-01,M,US,m2_money_supply,2375.4,False,False
316,1985-05-01,M,US,m2_money_supply,2389.5,False,False
317,1985-06-01,M,US,m2_money_supply,2412.6,False,False
318,1985-07-01,M,US,m2_money_supply,2429.5,False,False
319,1985-08-01,M,US,m2_money_supply,2444.0,False,False
320,1985-09-01,M,US,m2_money_supply,2456.4,False,False
321,1985-10-01,M,US,m2_money_supply,2468.0,False,False
322,1985-11-01,M,US,m2_money_supply,2477.8,False,False
323,1985-12-01,M,US,m2_money_supply,2492.1,False,False
324,1986-01-01,M,US,m2_money_supply,2502.1,False,False
325,1986-02-01,M,US,m2_money_supply,2512.9,False,False
326,1986-03-01,M,US,m2_money_supply,2533.1,False,False
327,1986-04-01,M,US,m2_money_supply,2557.8,False,False
328,1986-05-01,M,US,m2_money_supply,2584.8,False,False
329,1986-06-01,M,US,m2_money_supply,2605.0,False,False
330,1986-07-01,M,US,m2_money_supply,2626.6,False,False
331,1986-08-01,M,US,m2_money_supply,2646.5,False,False
332,1986-09-01,M,US,m2_money_supply,2667.8,False,False
333,1986-10-01,M,US,m2_money_supply,2687.4,False,False
334,1986-11-01,M,US,m2_money_supply,2701.3,False,False
335,1986-12-01,M,US,m2_money_supply,2728.0,False,False
336,1987-01-01,M,US,m2_money_supply,2743.9,False,False
337,1987-02-01,M,US,m2_money_supply,2747.5,False,False
338,1987-03-01,M,US,m2_money_supply,2753.7,False,False
339,1987-04-01,M,US,m2_money_supply,2767.7,False,False
340,1987-05-01,M,US,m2_money_supply,2772.9,False,False
341,1987-06-01,M,US,m2_money_supply,2774.6,False,False
342,1987-07-01,M,US,m2_money_supply,2779.0,False,False
343,1987-08-01,M,US,m2_money_supply,2788.2,False,False
344,1987-09-01,M,US,m2_money_supply,2799.5,False,False
345,1987-10-01,M,US,m2_money_supply,2814.8,False,False
346,1987-11-01,M,US,m2_money_supply,2818.9,False,False
347,1987-12-01,M,US,m2_money_supply,2826.4,False,False
348,1988-01-01,M,US,m2_money_supply,2847.4,False,False
349,1988-02-01,M,US,m2_money_supply,2870.4,False,False
350,1988-03-01,M,US,m2_money_supply,2890.7,False,False
351,1988-04-01,M,US,m2_money_supply,2910.7,False,False
352,1988-05-01,M,US,m2_money_supply,2926.0,False,False
353,1988-06-01,M,US,m2_money_supply,2938.4,False,False
354,1988-07-01,M,US,m2_money_supply,2947.2,False,False
355,1988-08-01,M,US,m2_money_supply,2952.0,False,False
356,1988-09-01,M,US,m2_money_supply,2956.9,False,False
357,1988-10-01,M,US,m2_money_supply,2965.3,False,False
358,1988-11-01,M,US,m2_money_supply,2980.2,False,False
359,1988-12-01,M,US,m2_money_supply,2988.2,False,False
360,1989-01-01,M,US,m2_money_supply,2991.7,False,False
361,1989-02-01,M,US,m2_money_supply,2992.2,False,False
362,1989-03-01,M,US,m2_money_supply,2999.7,False,False
363,1989-04-01,M,US,m2_money_supply,3006.0,False,False
364,1989-05-01,M,US,m2_money_supply,3011.6,False,False
365,1989-06-01,M,US,m2_money_supply,3027.9,False,False
366,1989-07-01,M,US,m2_money_supply,3052.4,False,False
367,1989-08-01,M,US,m2_money_supply,3074.4,False,False
368,1989-09-01,M,US,m2_money_supply,3092.5,False,False
369,1989-10-01,M,US,m2_money_supply,3114.1,False,False
370,1989-11-01,M,US,m2_money_supply,3133.3,False,False
371,1989-12-01,M,US,m2_money_supply,3152.5,False,False
372,1990-01-01,M,US,m2_money_supply,3166.8,False,False
373,1990-02-01,M,US,m2_money_supply,3179.2,False,False
374,1990-03-01,M,US,m2_money_supply,3190.1,False,False
375,1990-04-01,M,US,m2_money_supply,3201.6,False,False
376,1990-05-01,M,US,m2_money_supply,3200.6,False,False
377,1990-06-01,M,US,m2_money_supply,3213.7,False,False
378,1990-07-01,M,US,m2_money_supply,3224.5,False,False
379,1990-08-01,M,US,m2_money_supply,3242.0,False,False
380,1990-09-01,M,US,m2_money_supply,3254.6,False,False
381,1990-10-01,M,US,m2_money_supply,3259.3,False,False
382,1990-11-01,M,US,m2_money_supply,3262.6,False,False
383,1990-12-01,M,US,m2_money_supply,3271.8,False,False
384,1991-01-01,M,US,m2_money_supply,3287.7,False,False
385,1991-02-01,M,US,m2_money_supply,3304.5,False,False
386,1991-03-01,M,US,m2_money_supply,3321.9,False,False
387,1991-04-01,M,US,m2_money_supply,3332.4,False,False
388,1991-05-01,M,US,m2_money_supply,3343.0,False,False
389,1991-06-01,M,US,m2_money_supply,3351.9,False,False
390,1991-07-01,M,US,m2_money_supply,3356.1,False,False
391,1991-08-01,M,US,m2_money_supply,3355.0,False,False
392,1991-09-01,M,US,m2_money_supply,3354.9,False,False
393,1991-10-01,M,US,m2_money_supply,3360.1,False,False
394,1991-11-01,M,US,m2_money_supply,3365.5,False,False
395,1991-12-01,M,US,m2_money_supply,3372.2,False,False
396,1992-01-01,M,US,m2_money_supply,3381.2,False,False
397,1992-02-01,M,US,m2_money_supply,3400.0,False,False
398,1992-03-01,M,US,m2_money_supply,3403.9,False,False
399,1992-04-01,M,US,m2_money_supply,3399.7,False,False
400,1992-05-01,M,US,m2_money_supply,3398.6,False,False
401,1992-06-01,M,US,m2_money_supply,3393.4,False,False
402,1992-07-01,M,US,m2_money_supply,3393.9,False,False
403,1992-08-01,M,US,m2_money_supply,3398.8,False,False
404,1992-09-01,M,US,m2_money_supply,3410.3,False,False
405,1992-10-01,M,US,m2_money_supply,3423.8,False,False
406,1992-11-01,M,US,m2_money_supply,3426.5,False,False
407,1992-12-01,M,US,m2_money_supply,3424.7,False,False
408,1993-01-01,M,US,m2_money_supply,3419.1,False,False
409,1993-02-01,M,US,m2_money_supply,3414.5,False,False
410,1993-03-01,M,US,m2_money_supply,3411.7,False,False
411,1993-04-01,M,US,m2_money_supply,3411.3,False,False
412,1993-05-01,M,US,m2_money_supply,3436.9,False,False
413,1993-06-01,M,US,m2_money_supply,3442.4,False,False
414,1993-07-01,M,US,m2_money_supply,3442.0,False,False
415,1993-08-01,M,US,m2_money_supply,3445.7,False,False
416,1993-09-01,M,US,m2_money_supply,3452.2,False,False
417,1993-10-01,M,US,m2_money_supply,3456.7,False,False
418,1993-11-01,M,US,m2_money_supply,3470.1,False,False
419,1993-12-01,M,US,m2_money_supply,3474.5,False,False
420,1994-01-01,M,US,m2_money_supply,3474.9,False,False
421,1994-02-01,M,US,m2_money_supply,3475.7,False,False
422,1994-03-01,M,US,m2_money_supply,3480.1,False,False
423,1994-04-01,M,US,m2_money_supply,3481.3,False,False
424,1994-05-01,M,US,m2_money_supply,3490.8,False,False
425,1994-06-01,M,US,m2_money_supply,3479.5,False,False
426,1994-07-01,M,US,m2_money_supply,3488.2,False,False
427,1994-08-01,M,US,m2_money_supply,3485.7,False,False
428,1994-09-01,M,US,m2_money_supply,3486.1,False,False
429,1994-10-01,M,US,m2_money_supply,3484.3,False,False
430,1994-11-01,M,US,m2_money_supply,3487.2,False,False
431,1994-12-01,M,US,m2_money_supply,3486.4,False,False
432,1995-01-01,M,US,m2_money_supply,3492.4,False,False
433,1995-02-01,M,US,m2_money_supply,3489.9,False,False
434,1995-03-01,M,US,m2_money_supply,3491.1,False,False
435,1995-04-01,M,US,m2_money_supply,3499.2,False,False
436,1995-05-01,M,US,m2_money_supply,3524.2,False,False
437,1995-06-01,M,US,m2_money_supply,3548.9,False,False
438,1995-07-01,M,US,m2_money_supply,3567.4,False,False
439,1995-08-01,M,US,m2_money_supply,3589.0,False,False
440,1995-09-01,M,US,m2_money_supply,3602.1,False,False
441,1995-10-01,M,US,m2_money_supply,3613.4,False,False
442,1995-11-01,M,US,m2_money_supply,3619.9,False,False
443,1995-12-01,M,US,m2_money_supply,3629.5,False,False
444,1996-01-01,M,US,m2_money_supply,3647.9,False,False
445,1996-02-01,M,US,m2_money_supply,3661.8,False,False
446,1996-03-01,M,US,m2_money_supply,3686.9,False,False
447,1996-04-01,M,US,m2_money_supply,3697.7,False,False
448,1996-05-01,M,US,m2_money_supply,3709.6,False,False
449,1996-06-01,M,US,m2_money_supply,3722.5,False,False
450,1996-07-01,M,US,m2_money_supply,3737.1,False,False
451,1996-08-01,M,US,m2_money_supply,3744.0,False,False
452,1996-09-01,M,US,m2_money_supply,3753.4,False,False
453,1996-10-01,M,US,m2_money_supply,3772.8,False,False
454,1996-11-01,M,US,m2_money_supply,3795.1,False,False
455,1996-12-01,M,US,m2_money_supply,3818.6,False,False
456,1997-01-01,M,US,m2_money_supply,3834.6,False,False
457,1997-02-01,M,US,m2_money_supply,3846.3,False,False
458,1997-03-01,M,US,m2_money_supply,3861.2,False,False
459,1997-04-01,M,US,m2_money_supply,3877.0,False,False
460,1997-05-01,M,US,m2_money_supply,3889.2,False,False
461,1997-06-01,M,US,m2_money_supply,3906.0,False,False
462,1997-07-01,M,US,m2_money_supply,3923.9,False,False
463,1997-08-01,M,US,m2_money_supply,3957.4,False,False
464,1997-09-01,M,US,m2_money_supply,3973.1,False,False
465,1997-10-01,M,US,m2_money_supply,3992.3,False,False
466,1997-11-01,M,US,m2_money_supply,4014.8,False,False
467,1997-12-01,M,US,m2_money_supply,4032.9,False,False
468,1998-01-01,M,US,m2_money_supply,4056.2,False,False
469,1998-02-01,M,US,m2_money_supply,4088.9,False,False
470,1998-03-01,M,US,m2_money_supply,4114.3,False,False
471,1998-04-01,M,US,m2_money_supply,4140.2,False,False
472,1998-05-01,M,US,m2_money_supply,4164.4,False,False
473,1998-06-01,M,US,m2_money_supply,4184.1,False,False
474,1998-07-01,M,US,m2_money_supply,4203.8,False,False
475,1998-08-01,M,US,m2_money_supply,4228.7,False,False
476,1998-09-01,M,US,m2_money_supply,4267.7,False,False
477,1998-10-01,M,US,m2_money_supply,4307.9,False,False
478,1998-11-01,M,US,m2_money_supply,4346.6,False,False
479,1998-12-01,M,US,m2_money_supply,4375.6,False,False
480,1999-01-01,M,US,m2_money_supply,4403.0,False,False
481,1999-02-01,M,US,m2_money_supply,4425.8,False,False
482,1999-03-01,M,US,m2_money_supply,4432.6,False,False
483,1999-04-01,M,US,m2_money_supply,4461.4,False,False
484,1999-05-01,M,US,m2_money_supply,4486.1,False,False
485,1999-06-01,M,US,m2_money_supply,4508.0,False,False
486,1999-07-01,M,US,m2_money_supply,4535.4,False,False
487,1999-08-01,M,US,m2_money_supply,4552.7,False,False
488,1999-09-01,M,US,m2_money_supply,4568.8,False,False
489,1999-10-01,M,US,m2_money_supply,4592.7,False,False
490,1999-11-01,M,US,m2_money_supply,4611.8,False,False
491,1999-12-01,M,US,m2_money_supply,4639.3,False,False
492,2000-01-01,M,US,m2_money_supply,4667.6,False,False
493,2000-02-01,M,US,m2_money_supply,4680.9,False,False
494,2000-03-01,M,US,m2_money_supply,4711.7,False,False
495,2000-04-01,M,US,m2_money_supply,4767.8,False,False
496,2000-05-01,M,US,m2_money_supply,4755.7,False,False
497,2000-06-01,M,US,m2_money_supply,4773.6,False,False
498,2000-07-01,M,US,m2_money_supply,4791.3,False,False
499,2000-08-01,M,US,m2_money_supply,4819.5,False,False
500,2000-09-01,M,US,m2_money_supply,4855.3,False,False
501,2000-10-01,M,US,m2_money_supply,4871.4,False,False
502,2000-11-01,M,US,m2_money_supply,4882.8,False,False
503,2000-12-01,M,US,m2_money_supply,4927.7,False,False
504,2001-01-01,M,US,m2_money_supply,4978.4,False,False
505,2001-02-01,M,US,m2_money_supply,5017.1,False,False
506,2001-03-01,M,US,m2_money_supply,5074.9,False,False
507,2001-04-01,M,US,m2_money_supply,5139.2,False,False
508,2001-05-01,M,US,m2_money_supply,5137.3,False,False
509,2001-06-01,M,US,m2_money_supply,5180.3,False,False
510,2001-07-01,M,US,m2_money_supply,5210.2,False,False
511,2001-08-01,M,US,m2_money_supply,5243.9,False,False
512,2001-09-01,M,US,m2_money_supply,5355.3,False,False
513,2001-10-01,M,US,m2_money_supply,5344.0,False,False
514,2001-11-01,M,US,m2_money_supply,5387.7,False,False
515,2001-12-01,M,US,m2_money_supply,5440.7,False,False
516,2002-01-01,M,US,m2_money_supply,5461.1,False,False
517,2002-02-01,M,US,m2_money_supply,5490.4,False,False
518,2002-03-01,M,US,m2_money_supply,5502.2,False,False
519,2002-04-01,M,US,m2_money_supply,5502.3,False,False
520,2002-05-01,M,US,m2_money_supply,5528.5,False,False
521,2002-06-01,M,US,m2_money_supply,5553.5,False,False
522,2002-07-01,M,US,m2_money_supply,5596.2,False,False
523,2002-08-01,M,US,m2_money_supply,5638.4,False,False
524,2002-09-01,M,US,m2_money_supply,5662.5,False,False
525,2002-10-01,M,US,m2_money_supply,5707.2,False,False
526,2002-11-01,M,US,m2_money_supply,5758.2,False,False
527,2002-12-01,M,US,m2_money_supply,5779.5,False,False
528,2003-01-01,M,US,m2_money_supply,5812.3,False,False
529,2003-02-01,M,US,m2_money_supply,5848.4,False,False
530,2003-03-01,M,US,m2_money_supply,5868.6,False,False
531,2003-04-01,M,US,m2_money_supply,5905.7,False,False
532,2003-05-01,M,US,m2_money_supply,5965.5,False,False
533,2003-06-01,M,US,m2_money_supply,6002.4,False,False
534,2003-07-01,M,US,m2_money_supply,6049.4,False,False
535,2003-08-01,M,US,m2_money_supply,6107.3,False,False
536,2003-09-01,M,US,m2_money_supply,6079.9,False,False
537,2003-10-01,M,US,m2_money_supply,6070.2,False,False
538,2003-11-01,M,US,m2_money_supply,6075.7,False,False
539,2003-12-01,M,US,m2_money_supply,6074.0,False,False
540,2004-01-01,M,US,m2_money_supply,6082.2,False,False
541,2004-02-01,M,US,m2_money_supply,6121.9,False,False
542,2004-03-01,M,US,m2_money_supply,6158.0,False,False
543,2004-04-01,M,US,m2_money_supply,6199.1,False,False
544,2004-05-01,M,US,m2_money_supply,6275.9,False,False
545,2004-06-01,M,US,m2_money_supply,6278.1,False,False
546,2004-07-01,M,US,m2_money_supply,6291.3,False,False
547,2004-08-01,M,US,m2_money_supply,6317.9,False,False
548,2004-09-01,M,US,m2_money_supply,6352.3,False,False
549,2004-10-01,M,US,m2_money_supply,6379.9,False,False
550,2004-11-01,M,US,m2_money_supply,6406.5,False,False
551,2004-12-01,M,US,m2_money_supply,6424.7,False,False
552,2005-01-01,M,US,m2_money_supply,6431.0,False,False
553,2005-02-01,M,US,m2_money_supply,6439.1,False,False
554,2005-03-01,M,US,m2_money_supply,6448.4,False,False
555,2005-04-01,M,US,m2_money_supply,6462.0,False,False
556,2005-05-01,M,US,m2_money_supply,6479.2,False,False
557,2005-06-01,M,US,m2_money_supply,6511.8,False,False
558,2005-07-01,M,US,m2_money_supply,6543.7,False,False
559,2005-08-01,M,US,m2_money_supply,6576.5,False,False
560,2005-09-01,M,US,m2_money_supply,6610.3,False,False
561,2005-10-01,M,US,m2_money_supply,6644.1,False,False
562,2005-11-01,M,US,m2_money_supply,6660.8,False,False
563,2005-12-01,M,US,m2_money_supply,6688.0,False,False
564,2006-01-01,M,US,m2_money_supply,6730.3,False,False
565,2006-02-01,M,US,m2_money_supply,6754.9,False,False
566,2006-03-01,M,US,m2_money_supply,6769.5,False,False
567,2006-04-01,M,US,m2_money_supply,6807.0,False,False
568,2006-05-01,M,US,m2_money_supply,6813.9,False,False
569,2006-06-01,M,US,m2_money_supply,6852.1,False,False
570,2006-07-01,M,US,m2_money_supply,6893.9,False,False
571,2006-08-01,M,US,m2_money_supply,6925.3,False,False
572,2006-09-01,M,US,m2_money_supply,6952.6,False,False
573,2006-10-01,M,US,m2_money_supply,7002.0,False,False
574,2006-11-01,M,US,m2_money_supply,7037.5,False,False
575,2006-12-01,M,US,m2_money_supply,7080.4,False,False
576,2007-01-01,M,US,m2_money_supply,7118.5,False,False
577,2007-02-01,M,US,m2_money_supply,7134.6,False,False
578,2007-03-01,M,US,m2_money_supply,7168.5,False,False
579,2007-04-01,M,US,m2_money_supply,7241.0,False,False
580,2007-05-01,M,US,m2_money_supply,7254.9,False,False
581,2007-06-01,M,US,m2_money_supply,7288.1,False,False
582,2007-07-01,M,US,m2_money_supply,7319.0,False,False
583,2007-08-01,M,US,m2_money_supply,7395.1,False,False
584,2007-09-01,M,US,m2_money_supply,7413.3,False,False
585,2007-10-01,M,US,m2_money_supply,7428.4,False,False
586,2007-11-01,M,US,m2_money_supply,7453.8,False,False
587,2007-12-01,M,US,m2_money_supply,7484.2,False,False
588,2008-01-01,M,US,m2_money_supply,7517.8,False,False
589,2008-02-01,M,US,m2_money_supply,7604.2,False,False
590,2008-03-01,M,US,m2_money_supply,7670.3,False,False
591,2008-04-01,M,US,m2_money_supply,7712.8,False,False
592,2008-05-01,M,US,m2_money_supply,7725.5,False,False
593,2008-06-01,M,US,m2_money_supply,7744.2,False,False
594,2008-07-01,M,US,m2_money_supply,7791.5,False,False
595,2008-08-01,M,US,m2_money_supply,7806.1,False,False
596,2008-09-01,M,US,m2_money_supply,7872.7,False,False
597,2008-10-01,M,US,m2_money_supply,7975.3,False,False
598,2008-11-01,M,US,m2_money_supply,8027.3,False,False
599,2008-12-01,M,US,m2_money_supply,8205.0,False,False
600,2009-01-01,M,US,m2_money_supply,8289.4,False,False
601,2009-02-01,M,US,m2_money_supply,8319.6,False,False
602,2009-03-01,M,US,m2_money_supply,8386.7,False,False
603,2009-04-01,M,US,m2_money_supply,8391.4,False,False
604,2009-05-01,M,US,m2_money_supply,8449.5,False,False
605,2009-06-01,M,US,m2_money_supply,8459.5,False,False
606,2009-07-01,M,US,m2_money_supply,8463.8,False,False
607,2009-08-01,M,US,m2_money_supply,8463.3,False,False
608,2009-09-01,M,US,m2_money_supply,8461.8,False,False
609,2009-10-01,M,US,m2_money_supply,8488.1,False,False
610,2009-11-01,M,US,m2_money_supply,8517.3,False,False
611,2009-12-01,M,US,m2_money_supply,8512.5,False,False
612,2010-01-01,M,US,m2_money_supply,8478.0,False,False
613,2010-02-01,M,US,m2_money_supply,8527.6,False,False
614,2010-03-01,M,US,m2_money_supply,8523.7,False,False
615,2010-04-01,M,US,m2_money_supply,8555.1,False,False
616,2010-05-01,M,US,m2_money_supply,8609.3,False,False
617,2010-06-01,M,US,m2_money_supply,8628.4,False,False
618,2010-07-01,M,US,m2_money_supply,8639.8,False,False
619,2010-08-01,M,US,m2_money_supply,8688.2,False,False
620,2010-09-01,M,US,m2_money_supply,8718.9,False,False
621,2010-10-01,M,US,m2_money_supply,8768.7,False,False
622,2010-11-01,M,US,m2_money_supply,8789.3,False,False
623,2010-12-01,M,US,m2_money_supply,8822.9,False,False
624,2011-01-01,M,US,m2_money_supply,8845.2,False,False
625,2011-02-01,M,US,m2_money_supply,8909.0,False,False
626,2011-03-01,M,US,m2_money_supply,8967.0,False,False
627,2011-04-01,M,US,m2_money_supply,9030.4,False,False
628,2011-05-01,M,US,m2_money_supply,9102.7,False,False
629,2011-06-01,M,US,m2_money_supply,9176.7,False,False
630,2011-07-01,M,US,m2_money_supply,9338.7,False,False
631,2011-08-01,M,US,m2_money_supply,9525.1,False,False
632,2011-09-01,M,US,m2_money_supply,9545.3,False,False
633,2011-10-01,M,US,m2_money_supply,9578.1,False,False
634,2011-11-01,M,US,m2_money_supply,9629.8,False,False
635,2011-12-01,M,US,m2_money_supply,9677.4,False,False
636,2012-01-01,M,US,m2_money_supply,9750.5,False,False
637,2012-02-01,M,US,m2_money_supply,9802.2,False,False
638,2012-03-01,M,US,m2_money_supply,9846.2,False,False
639,2012-04-01,M,US,m2_money_supply,9899.8,False,False
640,2012-05-01,M,US,m2_money_supply,9943.0,False,False
641,2012-06-01,M,US,m2_money_supply,10013.0,False,False
642,2012-07-01,M,US,m2_money_supply,10065.7,False,False
643,2012-08-01,M,US,m2_money_supply,10136.4,False,False
644,2012-09-01,M,US,m2_money_supply,10216.6,False,False
645,2012-10-01,M,US,m2_money_supply,10282.8,False,False
646,2012-11-01,M,US,m2_money_supply,10351.8,False,False
647,2012-12-01,M,US,m2_money_supply,10474.4,False,False
648,2013-01-01,M,US,m2_money_supply,10497.6,False,False
649,2013-02-01,M,US,m2_money_supply,10516.6,False,False
650,2013-03-01,M,US,m2_money_supply,10572.9,False,False
651,2013-04-01,M,US,m2_money_supply,10600.4,False,False
652,2013-05-01,M,US,m2_money_supply,10634.7,False,False
653,2013-06-01,M,US,m2_money_supply,10692.3,False,False
654,2013-07-01,M,US,m2_money_supply,10731.5,False,False
655,2013-08-01,M,US,m2_money_supply,10789.6,False,False
656,2013-09-01,M,US,m2_money_supply,10850.0,False,False
657,2013-10-01,M,US,m2_money_supply,10974.2,False,False
658,2013-11-01,M,US,m2_money_supply,10982.9,False,False
659,2013-12-01,M,US,m2_money_supply,11047.8,False,False
660,2014-01-01,M,US,m2_money_supply,11117.6,False,False
661,2014-02-01,M,US,m2_money_supply,11183.2,False,False
662,2014-03-01,M,US,m2_money_supply,11219.1,False,False
663,2014-04-01,M,US,m2_money_supply,11264.0,False,False
664,2014-05-01,M,US,m2_money_supply,11328.5,False,False
665,2014-06-01,M,US,m2_money_supply,11383.7,False,False
666,2014-07-01,M,US,m2_money_supply,11438.4,False,False
667,2014-08-01,M,US,m2_money_supply,11462.5,False,False
668,2014-09-01,M,US,m2_money_supply,11503.7,False,False
669,2014-10-01,M,US,m2_money_supply,11577.5,False,False
670,2014-11-01,M,US,m2_money_supply,11618.2,False,False
671,2014-12-01,M,US,m2_money_supply,11701.9,False,False
672,2015-01-01,M,US,m2_money_supply,11788.8,False,False
673,2015-02-01,M,US,m2_money_supply,11905.6,False,False
674,2015-03-01,M,US,m2_money_supply,11903.7,False,False
675,2015-04-01,M,US,m2_money_supply,11937.6,False,False
676,2015-05-01,M,US,m2_money_supply,11965.0,False,False
677,2015-06-01,M,US,m2_money_supply,12005.6,False,False
678,2015-07-01,M,US,m2_money_supply,12049.2,False,False
679,2015-08-01,M,US,m2_money_supply,12093.7,False,False
680,2015-09-01,M,US,m2_money_supply,12154.8,False,False
681,2015-10-01,M,US,m2_money_supply,12206.1,False,False
682,2015-11-01,M,US,m2_money_supply,12297.5,False,False
683,2015-12-01,M,US,m2_money_supply,12368.7,False,False
684,2016-01-01,M,US,m2_money_supply,12506.0,False,False
685,2016-02-01,M,US,m2_money_supply,12578.2,False,False
686,2016-03-01,M,US,m2_money_supply,12629.0,False,False
687,2016-04-01,M,US,m2_money_supply,12708.0,False,False
688,2016-05-01,M,US,m2_money_supply,12775.0,False,False
689,2016-06-01,M,US,m2_money_supply,12835.4,False,False
690,2016-07-01,M,US,m2_money_supply,12889.7,False,False
691,2016-08-01,M,US,m2_money_supply,12973.9,False,False
692,2016-09-01,M,US,m2_money_supply,13034.2,False,False
693,2016-10-01,M,US,m2_money_supply,13107.5,False,False
694,2016-11-01,M,US,m2_money_supply,13181.0,False,False
695,2016-12-01,M,US,m2_money_supply,13226.1,False,False
696,2017-01-01,M,US,m2_money_supply,13300.7,False,False
697,2017-02-01,M,US,m2_money_supply,13367.3,False,False
698,2017-03-01,M,US,m2_money_supply,13428.7,False,False
699,2017-04-01,M,US,m2_money_supply,13484.7,False,False
700,2017-05-01,M,US,m2_money_supply,13536.7,False,False
701,2017-06-01,M,US,m2_money_supply,13558.5,False,False
702,2017-07-01,M,US,m2_money_supply,13615.4,False,False
703,2017-08-01,M,US,m2_money_supply,13674.6,False,False
704,2017-09-01,M,US,m2_money_supply,13723.0,False,False
705,2017-10-01,M,US,m2_money_supply,13782.3,False,False
706,2017-11-01,M,US,m2_money_supply,13814.9,False,False
707,2017-12-01,M,US,m2_money_supply,13873.8,False,False
708,2018-01-01,M,US,m2_money_supply,13883.2,False,False
709,2018-02-01,M,US,m2_money_supply,13919.3,False,False
710,2018-03-01,M,US,m2_money_supply,13976.0,False,False
711,2018-04-01,M,US,m2_money_supply,13993.9,False,False
712,2018-05-01,M,US,m2_money_supply,14049.6,False,False
713,2018-06-01,M,US,m2_money_supply,14109.9,False,False
714,2018-07-01,M,US,m2_money_supply,14144.2,False,False
715,2018-08-01,M,US,m2_money_supply,14193.9,False,False
716,2018-09-01,M,US,m2_money_supply,14229.3,False,False
717,2018-10-01,M,US,m2_money_supply,14241.4,False,False
718,2018-11-01,M,US,m2_money_supply,14260.8,False,False
719,2018-12-01,M,US,m2_money_supply,14382.6,False,False
720,2019-01-01,M,US,m2_money_supply,14446.1,False,False
721,2019-02-01,M,US,m2_money_supply,14481.2,False,False
722,2019-03-01,M,US,m2_money_supply,14526.2,False,False
723,2019-04-01,M,US,m2_money_supply,14554.5,False,False
724,2019-05-01,M,US,m2_money_supply,14652.4,False,False
725,2019-06-01,M,US,m2_money_supply,14771.4,False,False
726,2019-07-01,M,US,m2_money_supply,14853.5,False,False
727,2019-08-01,M,US,m2_money_supply,14934.7,False,False
728,2019-09-01,M,US,m2_money_supply,15031.4,False,False
729,2019-10-01,M,US,m2_money_supply,15167.3,False,False
730,2019-11-01,M,US,m2_money_supply,15276.9,False,False
731,2019-12-01,M,US,m2_money_supply,15348.0,False,False
732,2020-01-01,M,US,m2_money_supply,15416.8,False,False
733,2020-02-01,M,US,m2_money_supply,15467.0,False,False
734,2020-03-01,M,US,m2_money_supply,15993.8,False,False
735,2020-04-01,M,US,m2_money_supply,17005.8,False,False
736,2020-05-01,M,US,m2_money_supply,17853.4,False,False
737,2020-06-01,M,US,m2_money_supply,18141.1,False,False
738,2020-07-01,M,US,m2_money_supply,18298.0,False,False
739,2020-08-01,M,US,m2_money_supply,18364.3,False,False
740,2020-09-01,M,US,m2_money_supply,18596.6,False,False
741,2020-10-01,M,US,m2_money_supply,18751.3,False,False
742,2020-11-01,M,US,m2_money_supply,18979.1,False,False
743,2020-12-01,M,US,m2_money_supply,19133.2,False,False
744,2021-01-01,M,US,m2_money_supply,19359.7,False,False
745,2021-02-01,M,US,m2_money_supply,19596.7,False,False
746,2021-03-01,M,US,m2_money_supply,19823.4,False,False
747,2021-04-01,M,US,m2_money_supply,20161.8,False,False
748,2021-05-01,M,US,m2_money_supply,20430.6,False,False
749,2021-06-01,M,US,m2_money_supply,20472.7,False,False
750,2021-07-01,M,US,m2_money_supply,20628.4,False,False
751,2021-08-01,M,US,m2_money_supply,20811.0,False,False
752,2021-09-01,M,US,m2_money_supply,20979.0,False,False
753,2021-10-01,M,US,m2_money_supply,21142.5,False,False
754,2021-11-01,M,US,m2_money_supply,21316.9,False,False
755,2021-12-01,M,US,m2_money_supply,21471.1,False,False
756,2022-01-01,M,US,m2_money_supply,21587.0,False,False
757,2022-02-01,M,US,m2_money_supply,21684.8,False,False
758,2022-03-01,M,US,m2_money_supply,21721.3,False,False
759,2022-04-01,M,US,m2_money_supply,21750.0,False,False
760,2022-05-01,M,US,m2_money_supply,21690.7,False,False
761,2022-06-01,M,US,m2_money_supply,21642.8,False,False
762,2022-07-01,M,US,m2_money_supply,21641.7,False,False
763,2022-08-01,M,US,m2_money_supply,21606.8,False,False
764,2022-09-01,M,US,m2_money_supply,21521.1,False,False
765,2022-10-01,M,US,m2_money_supply,21424.3,False,False
766,2022-11-01,M,US,m2_money_supply,21357.8,False,False
767,2022-12-01,M,US,m2_money_supply,21218.9,False,False
768,2023-01-01,M,US,m2_money_supply,21205.1,False,False
769,2023-02-01,M,US,m2_money_supply,21184.3,False,False
770,2023-03-01,M,US,m2_money_supply,20876.1,False,False
771,2023-04-01,M,US,m2_money_supply,20729.8,False,False
772,2023-05-01,M,US,m2_money_supply,20801.1,False,False
773,2023-06-01,M,US,m2_money_supply,20782.7,False,False
774,2023-07-01,M,US,m2_money_supply,20772.2,False,False
775,2023-08-01,M,US,m2_money_supply,20747.1,False,False
776,2023-09-01,M,US,m2_money_supply,20720.4,False,False
777,2023-10-01,M,US,m2_money_supply,20687.6,False,False
778,2023-11-01,M,US,m2_money_supply,20696.7,False,False
779,2023-12-01,M,US,m2_money_supply,20701.2,False,False
780,2024-01-01,M,US,m2_money_supply,20773.0,False,False
781,2024-02-01,M,US,m2_money_supply,20860.9,False,False
782,2024-03-01,M,US,m2_money_supply,20901.1,False,False
783,2024-04-01,M,US,m2_money_supply,20932.7,False,False
784,2024-05-01,M,US,m2_money_supply,20997.6,False,False
785,2024-06-01,M,US,m2_money_supply,21065.6,False,False
786,2024-07-01,M,US,m2_money_supply,21098.0,False,False
787,2024-08-01,M,US,m2_money_supply,21185.1,False,False
788,2024-09-01,M,US,m2_money_supply,21272.1,False,False
789,2024-10-01,M,US,m2_money_supply,21323.5,False,False
790,2024-11-01,M,US,m2_money_supply,21424.3,False,False
791,2024-12-01,M,US,m2_money_supply,21441.8,False,False
792,2025-01-01,M,US,m2_money_supply,21510.9,False,False
793,2025-02-01,M,US,m2_money_supply,21584.1,False,False
794,2025-03-01,M,US,m2_money_supply,21656.9,False,False
795,2025-04-01,M,US,m2_money_supply,21804.5,False,False
796,2025-05-01,M,US,m2_money_supply,21883.6,False,False
797,2025-06-01,M,US,m2_money_supply,22020.8,False,False
